feature,accuracy
Sex,0.7865168539325843
SibSp,0.8009630818619583
Age,0.8041733547351525
Pclass_3,0.8154093097913323
Pclass_1,0.812199036918138
Pclass_2,0.8138041733547352
Embarked_Q,0.8057784911717496
Fare,0.7993579454253612
Parch,0.7849117174959872
Embarked_S,0.7929373996789727
Embarked_C,0.7865168539325843
