feature,accuracy
Embarked_Q,0.8105939004815409
Pclass_3,0.8105939004815409
Embarked_C,0.8105939004815409
Pclass_1,0.8073836276083467
Pclass_2,0.8073836276083467
Fare,0.8089887640449438
Embarked_S,0.8073836276083467
Parch,0.8105939004815409
Age,0.8009630818619583
SibSp,0.7865168539325843
Sex,0.608346709470305
