feature,accuracy
Sex,0.7865168539325843
SibSp,0.8009630818619583
Pclass_2,0.8009630818619583
Embarked_Q,0.7993579454253612
Fare,0.7881219903691814
Embarked_C,0.7945425361155698
Age,0.7913322632423756
Parch,0.7961476725521669
Pclass_1,0.8089887640449438
Embarked_S,0.8041733547351525
Pclass_3,0.7945425361155698
