feature,accuracy
Pclass_3,0.8041733547351525
Embarked_S,0.8089887640449438
Fare,0.8041733547351525
Pclass_2,0.8041733547351525
Embarked_Q,0.8089887640449438
Embarked_C,0.8009630818619583
Pclass_1,0.8041733547351525
Parch,0.7961476725521669
Age,0.8009630818619583
SibSp,0.7865168539325843
Sex,0.608346709470305
