feature,accuracy
Sex,0.7865168539325843
SibSp,0.8009630818619583
Age,0.8105939004815409
Embarked_Q,0.8105939004815409
Parch,0.8057784911717496
Pclass_2,0.8073836276083467
Embarked_C,0.7993579454253612
Fare,0.8057784911717496
Pclass_1,0.8073836276083467
Embarked_S,0.8073836276083467
Pclass_3,0.8025682182985554
