feature,accuracy
SibSp,0.8025682182985554
Fare,0.8154093097913323
Pclass_3,0.8218298555377207
Embarked_S,0.8234349919743178
Embarked_Q,0.8057784911717496
Age,0.8025682182985554
Parch,0.7993579454253612
Pclass_2,0.7865168539325843
Pclass_1,0.7865168539325843
Embarked_C,0.7865168539325843
Sex,0.608346709470305
