feature,accuracy
Sex,0.7865168539325843
SibSp,0.7993579454253612
Pclass_1,0.8041733547351525
Embarked_Q,0.8041733547351525
Pclass_3,0.8105939004815409
Age,0.8138041733547352
Fare,0.8186195826645265
Pclass_2,0.8186195826645265
Parch,0.8025682182985554
Embarked_C,0.7784911717495987
Embarked_S,0.7929373996789727
