feature,correlation
Sex,0.546849687367607
Pclass_3,-0.3553029361634732
Pclass_1,0.3093421461358687
Fare,0.2766804852255375
Embarked_C,0.16906961433356782
Embarked_S,-0.12207814831170687
Pclass_2,0.11050125859094938
Parch,0.09316637884545467
Age,-0.05902102257869177
Embarked_Q,-0.04205312329770864
SibSp,-0.03672775779695875
