feature,accuracy
SibSp,0.8057784911717496
Pclass_2,0.8138041733547352
Embarked_Q,0.8138041733547352
Embarked_C,0.8089887640449438
Age,0.8089887640449438
Parch,0.8170144462279294
Fare,0.8073836276083467
Pclass_1,0.812199036918138
Embarked_S,0.7865168539325843
Pclass_3,0.7865168539325843
Sex,0.608346709470305
