feature,accuracy
SibSp,0.797752808988764
Fare,0.812199036918138
Embarked_Q,0.812199036918138
Embarked_C,0.8073836276083467
Pclass_2,0.8057784911717496
Parch,0.8057784911717496
Pclass_1,0.8234349919743178
Age,0.812199036918138
Embarked_S,0.7865168539325843
Pclass_3,0.7865168539325843
Sex,0.608346709470305
