feature,accuracy
Sex,0.7865168539325843
Pclass_1,0.7849117174959872
Embarked_Q,0.7849117174959872
Embarked_S,0.7704654895666132
Fare,0.7512038523274478
Pclass_3,0.7624398073836276
Age,0.7704654895666132
Embarked_C,0.7768860353130016
Pclass_2,0.7752808988764045
SibSp,0.7720706260032103
Parch,0.7399678972712681
