feature,accuracy
Sex,0.7865168539325843
SibSp,0.8009630818619583
Age,0.8009630818619583
Pclass_3,0.8041733547351525
Parch,0.8138041733547352
Embarked_S,0.8138041733547352
Embarked_C,0.8234349919743178
Embarked_Q,0.8186195826645265
Fare,0.812199036918138
Pclass_1,0.7961476725521669
Pclass_2,0.7881219903691814
